/*
 Navicat Premium Data Transfer

 Source Server         : localhost_3306
 Source Server Type    : MySQL
 Source Server Version : 80031
 Source Host           : localhost:3306
 Source Schema         : myblog02

 Target Server Type    : MySQL
 Target Server Version : 80031
 File Encoding         : 65001

 Date: 23/03/2023 23:14:58
*/

SET NAMES utf8mb4;
SET FOREIGN_KEY_CHECKS = 0;

-- ----------------------------
-- Table structure for sg_article
-- ----------------------------
DROP TABLE IF EXISTS `sg_article`;
CREATE TABLE `sg_article`  (
  `id` bigint(0) NOT NULL AUTO_INCREMENT,
  `title` varchar(256) CHARACTER SET utf8mb4 COLLATE utf8mb4_0900_ai_ci NULL DEFAULT NULL COMMENT '标题',
  `content` longtext CHARACTER SET utf8mb4 COLLATE utf8mb4_0900_ai_ci NULL COMMENT '文章内容',
  `summary` varchar(1024) CHARACTER SET utf8mb4 COLLATE utf8mb4_0900_ai_ci NULL DEFAULT NULL COMMENT '文章摘要',
  `category_id` bigint(0) NULL DEFAULT NULL COMMENT '所属分类id',
  `thumbnail` varchar(256) CHARACTER SET utf8mb4 COLLATE utf8mb4_0900_ai_ci NULL DEFAULT NULL COMMENT '缩略图',
  `is_top` char(1) CHARACTER SET utf8mb4 COLLATE utf8mb4_0900_ai_ci NULL DEFAULT '0' COMMENT '是否置顶（0否，1是）',
  `status` char(1) CHARACTER SET utf8mb4 COLLATE utf8mb4_0900_ai_ci NULL DEFAULT '1' COMMENT '状态（0已发布，1草稿）',
  `view_count` bigint(0) NULL DEFAULT 0 COMMENT '访问量',
  `is_comment` char(1) CHARACTER SET utf8mb4 COLLATE utf8mb4_0900_ai_ci NULL DEFAULT '1' COMMENT '是否允许评论 1是，0否',
  `create_by` bigint(0) NULL DEFAULT NULL,
  `create_time` datetime(0) NULL DEFAULT NULL,
  `update_by` bigint(0) NULL DEFAULT NULL,
  `update_time` datetime(0) NULL DEFAULT NULL,
  `del_flag` int(0) NULL DEFAULT 0 COMMENT '删除标志（0代表未删除，1代表已删除）',
  PRIMARY KEY (`id`) USING BTREE
) ENGINE = InnoDB AUTO_INCREMENT = 12 CHARACTER SET = utf8mb4 COLLATE = utf8mb4_0900_ai_ci COMMENT = '文章表' ROW_FORMAT = Dynamic;

-- ----------------------------
-- Records of sg_article
-- ----------------------------
INSERT INTO `sg_article` VALUES (1, 'SpringSecurity从入门到精通', '## 课程介绍\n![image20211219121555979.png](https://sg-blog-oss.oss-cn-beijing.aliyuncs.com/2022/01/31/e7131718e9e64faeaf3fe16404186eb4.png)\n\n## 0. 简介1\n\n​	**Spring Security** 是 Spring 家族中的一个安全管理框架。相比与另外一个安全框架**Shiro**，它提供了更丰富的功能，社区资源也比Shiro丰富。\n\n​	一般来说中大型的项目都是使用**SpringSecurity** 来做安全框架。小项目有Shiro的比较多，因为相比与SpringSecurity，Shiro的上手更加的简单。\n\n​	 一般Web应用的需要进行**认证**和**授权**。\n\n​		**认证：验证当前访问系统的是不是本系统的用户，并且要确认具体是哪个用户**\n\n​		**授权：经过认证后判断当前用户是否有权限进行某个操作**\n\n​	而认证和授权也是SpringSecurity作为安全框架的核心功能。\n\n\n\n## 1. 快速入门\n\n### 1.1 准备工作\n\n​	我们先要搭建一个简单的SpringBoot工程\n\n① 设置父工程 添加依赖\n\n~~~~\n    <parent>\n        <groupId>org.springframework.boot</groupId>\n        <artifactId>spring-boot-starter-parent</artifactId>\n        <version>2.5.0</version>\n    </parent>\n    <dependencies>\n        <dependency>\n            <groupId>org.springframework.boot</groupId>\n            <artifactId>spring-boot-starter-web</artifactId>\n        </dependency>\n        <dependency>\n            <groupId>org.projectlombok</groupId>\n            <artifactId>lombok</artifactId>\n            <optional>true</optional>\n        </dependency>\n    </dependencies>\n~~~~\n\n② 创建启动类\n\n~~~~\n@SpringBootApplication\npublic class SecurityApplication {\n\n    public static void main(String[] args) {\n        SpringApplication.run(SecurityApplication.class,args);\n    }\n}\n\n~~~~\n\n③ 创建Controller\n\n~~~~java\n\nimport org.springframework.web.bind.annotation.RequestMapping;\nimport org.springframework.web.bind.annotation.RestController;\n\n@RestController\npublic class HelloController {\n\n    @RequestMapping(\"/hello\")\n    public String hello(){\n        return \"hello\";\n    }\n}\n\n~~~~\n\n\n\n### 1.2 引入SpringSecurity\n\n​	在SpringBoot项目中使用SpringSecurity我们只需要引入依赖即可实现入门案例。\n\n~~~~xml\n        <dependency>\n            <groupId>org.springframework.boot</groupId>\n            <artifactId>spring-boot-starter-security</artifactId>\n        </dependency>\n~~~~\n\n​	引入依赖后我们在尝试去访问之前的接口就会自动跳转到一个SpringSecurity的默认登陆页面，默认用户名是user,密码会输出在控制台。\n\n​	必须登陆之后才能对接口进行访问。\n\n\n\n## 2. 认证\n\n### 2.1 登陆校验流程\n![image20211215094003288.png](https://sg-blog-oss.oss-cn-beijing.aliyuncs.com/2022/01/31/414a87eeed344828b5b00ffa80178958.png)', 'SpringSecurity框架教程-Spring Security+JWT实现项目级前端分离认证授权', 1, 'https://sg-blog-oss.oss-cn-beijing.aliyuncs.com/2022/01/31/948597e164614902ab1662ba8452e106.png', '1', '0', 120, '0', NULL, '2022-01-23 23:20:11', NULL, NULL, 0);
INSERT INTO `sg_article` VALUES (2, 'weq', 'adadaeqe', 'adad', 2, 'https://sg-blog-oss.oss-cn-beijing.aliyuncs.com/2022/01/15/fd2e9460c58a4af3bbeae5d9ed581688.png', '1', '0', 22, '0', NULL, '2022-01-21 14:58:30', NULL, NULL, 1);
INSERT INTO `sg_article` VALUES (3, 'dad', 'asdasda', 'sadad', 1, 'https://sg-blog-oss.oss-cn-beijing.aliyuncs.com/2022/01/15/737a0ed0b8ea430d8700a12e76aa1cd1.png', '1', '0', 33, '0', NULL, '2022-01-18 14:58:34', NULL, NULL, 1);
INSERT INTO `sg_article` VALUES (5, 'MySql从入门到精通', '![Snipaste_20220115_165812.png](https://sg-blog-oss.oss-cn-beijing.aliyuncs.com/2022/01/15/1d9d283f5d874b468078b183e4b98b71.png)\n\n## sda \n\n222\n### sdasd newnewnew\n\n MySQL是一个关系型数据库管理系统，由瑞典MySQL AB 公司开发，属于 Oracle 旗下产品。MySQL 是最流行的关系型数据库管理系统之一，在 WEB 应用方面，MySQL是最好的 RDBMS (Relational Database Management System，关系数据库管理系统) 应用软件之一。\n\nMySQL是一种关系型数据库管理系统，关系数据库将数据保存在不同的表中，而不是将所有数据放在一个大仓库内，这样就增加了速度并提高了灵活性。\n\nMySQL所使用的 SQL 语言是用于访问数据库的最常用标准化语言。MySQL 软件采用了双授权政策，分为社区版和商业版，由于其体积小、速度快、总体拥有成本低，尤其是开放源码这一特点，一般中小型和大型网站的开发都选择 MySQL 作为网站数据库。', 'MySQL基本语法，事务处理，分页管理limit', 2, '', '1', '0', 69, '0', NULL, '2022-01-17 14:58:37', NULL, '2023-03-05 22:50:16', 0);
INSERT INTO `sg_article` VALUES (9, 'SpringSecurity 新版2.7以上 快速入门', '# SpringSecurity 新版2.7以上 快速入门\n\n# SpringSecurity\n\n## 快速入门\n\n**1、导入依赖**\n\n```xml\n<dependency>\n    <groupId>org.springframework.boot</groupId>\n    <artifactId>spring-boot-starter-security</artifactId>\n</dependency>\n```\n\n**2、测试三种权限**\n\n2.7以前的版本\n\n```java\npackage com.yang.config;\n\n\nimport org.springframework.security.config.annotation.authentication.builders.AuthenticationManagerBuilder;\nimport org.springframework.security.config.annotation.web.builders.HttpSecurity;\nimport org.springframework.security.config.annotation.web.configuration.EnableWebSecurity;\nimport org.springframework.security.config.annotation.web.configuration.WebSecurityConfigurerAdapter;\nimport org.springframework.security.crypto.bcrypt.BCryptPasswordEncoder;\n\n@EnableWebSecurity\npublic class SecurityConfig extends WebSecurityConfigurerAdapter {\n\n    @Override\n    protected void configure(HttpSecurity http) throws Exception {\n        //请求的规则\n        http.authorizeHttpRequests()\n                //首页所有人可以访问\n                .antMatchers(\"/\").permitAll()\n                //特定权限访问页\n                .antMatchers(\"/level1/**\").hasRole(\"vip1\")\n                .antMatchers(\"/level2/**\").hasRole(\"vip2\")\n                .antMatchers(\"/level3/**\").hasRole(\"vip3\");\n\n        //无权限默认跳转登录页\n        http.formLogin();\n    }\n\n    @Override\n    protected void configure(AuthenticationManagerBuilder auth) throws Exception {\n        auth.inMemoryAuthentication().passwordEncoder(new BCryptPasswordEncoder())\n                .withUser(\"shuisanya\").password(new BCryptPasswordEncoder().encode(\"123456\")).roles(\"vip2\",\"vip3\")\n                .and()\n                .withUser(\"root\").password(new BCryptPasswordEncoder().encode(\"123456\")).roles(\"vip1\")\n                .and()\n                .withUser(\"haha\").password(new BCryptPasswordEncoder().encode(\"123456\")).roles(\"vip1\",\"vip2\",\"vip3\");\n\n    }\n}\n```\n\n2.7以后的版本\n\n```java\npackage com.yang.config;\n\nimport org.springframework.context.annotation.Bean;\nimport org.springframework.context.annotation.Configuration;\nimport org.springframework.security.config.annotation.web.builders.HttpSecurity;\nimport org.springframework.security.config.annotation.web.configuration.EnableWebSecurity;\nimport org.springframework.security.core.userdetails.User;\nimport org.springframework.security.core.userdetails.UserDetails;\nimport org.springframework.security.core.userdetails.UserDetailsService;\nimport org.springframework.security.crypto.factory.PasswordEncoderFactories;\nimport org.springframework.security.crypto.password.PasswordEncoder;\nimport org.springframework.security.provisioning.InMemoryUserDetailsManager;\nimport org.springframework.security.web.SecurityFilterChain;\n\n/**\n * SpringSecurity\n * @author Mr.Yang\n */\n@EnableWebSecurity\n@Configuration\npublic class SecurityConfig {\n    /**\n     * 授权\n     * @param http\n     * @return\n     * @throws Exception\n     */\n    @Bean\n    public SecurityFilterChain securityFilterChain(HttpSecurity http) throws Exception {\n        //链式编程\n        // 首页所有人都可以访问，功能也只有对应有权限的人才能访问到\n        // 请求授权的规则\n        return http\n                .authorizeRequests()\n                //首页所有人可以访问\n                .antMatchers(\"/\").permitAll()\n                //特定权限访问页\n                .antMatchers(\"/level1/**\").hasRole(\"vip1\")\n                .antMatchers(\"/level2/**\").hasRole(\"vip2\")\n                .antMatchers(\"/level3/**\").hasRole(\"vip3\")\n                .and()\n                //无权限默认跳转登录页\n                .formLogin()\n                .and()\n                //注销，开启注销功能，跳转到首页\n                .logout().logoutSuccessUrl(\"/\")\n                .and()\n                .build();\n    }\n\n    /**\n     * 认证\n     * @return\n     */\n    @Bean\n    public UserDetailsService userDetailsService() {\n        //密码加密\n        PasswordEncoder encoder= PasswordEncoderFactories.createDelegatingPasswordEncoder();\n        //设置用户\n        UserDetails user1 = User.builder()\n                .username(\"lailai\")\n                .password(encoder.encode(\"123456\"))\n                //用户权限\n                .roles(\"vip1\")\n                .build();\n\n        UserDetails user2=User.builder()\n                .username(\"root\")\n                .password(encoder.encode(\"123456\"))\n                .roles(\"vip1\",\"vip2\",\"vip3\")\n                .build();\n\n        return new InMemoryUserDetailsManager(user1,user2);\n    }\n}\n\n```\n\n**3、测试自己设置加密**\n\n```java\n@Bean\npublic UserDetailsService userDetailsService() {\n    UserDetails userDetails = User.withUsername(\"123456\")\n        .passwordEncoder(new Pbkdf2PasswordEncoder()::encode)\n        .password(\"123456\")\n        .roles(\"vip2\")\n        .build();\n    UserDetails user1 = User.withUsername(\"shuisanya\")\n        .passwordEncoder(new Pbkdf2PasswordEncoder()::encode)\n        .password(\"123456\")\n        .roles(\"vip1\",\"vip2\",\"vip3\")\n        .build();\n    UserDetails user2 = User.withUsername(\"root\")\n        .passwordEncoder(new Pbkdf2PasswordEncoder()::encode)\n        .password(\"123456\")\n        .roles(\"vip2\",\"vip3\")\n        .build();\n    UserDetails user3 = User.withUsername(\"haha\")\n        .passwordEncoder(new Pbkdf2PasswordEncoder()::encode)\n        .password(\"123456\")\n        .roles(\"vip1\")\n        .build();\n    return new InMemoryUserDetailsManager(userDetails,user1,user2,user3);\n}\n\n@Bean\npublic PasswordEncoder passwordEncoder(){\n    return new Pbkdf2PasswordEncoder();\n}\n```\n\n## 连接数据库使用\n\n**导入依赖，这里使用mybatisPlus**\n\n```xml\n <dependency>\n     <groupId>mysql</groupId>\n     <artifactId>mysql-connector-java</artifactId>\n</dependency>\n\n<dependency>\n     <groupId>com.baomidou</groupId>\n     <artifactId>mybatis-plus-boot-starter</artifactId>\n     <version>3.5.2</version>\n</dependency>\n```\n\n**编写配置文件**\n\n```properties\nspring.thymeleaf.cache=false\n\nspring.datasource.driver-class-name=com.mysql.cj.jdbc.Driver\nspring.datasource.url=jdbc:mysql://localhost:3306/mybatis_plus?useSSL=true&useUnicode=true&characterEncoding=UTF-8&serverTimezone=UTC\nspring.datasource.username=root\nspring.datasource.password=123456\n\n# 配置日志\nmybatis-plus.configuration.log-impl=org.apache.ibatis.logging.stdout.StdOutImpl\n# 开启逻辑删除\nmybatis-plus.global-config.db-config.logic-delete-field=deleted\nmybatis-plus.global-config.db-config.logic-delete-value=1\nmybatis-plus.global-config.db-config.logic-not-delete-value=0\n```\n\n**实现UserDetailsService接口的编写**\n\n```java\n@Service(\"userDetailsServiceImpl\")\npublic class UserDetailsServiceImpl implements UserDetailsService {\n\n    private UserMapper userMapper;\n    @Autowired\n    public void setUserMapper(UserMapper userMapper) {\n        this.userMapper = userMapper;\n    }\n\n    @Override\n    public UserDetails loadUserByUsername(String username) throws UsernameNotFoundException {\n        QueryWrapper<com.mhy.security.pojo.User> wrapper = new QueryWrapper<>();\n        wrapper.eq(\"username\",username);\n        com.mhy.security.pojo.User user = userMapper.selectOne(wrapper);\n        \n        if (user == null){\n            throw new UsernameNotFoundException(\"该用户不存在!\");\n        }\n        \n        List<GrantedAuthority> vip2 = AuthorityUtils.commaSeparatedStringToAuthorityList(\"vip2\"); //权限 一般是从数据库来实现\n        \n        return new User(username,PasswordEncoderUtils.encode(user.getPassword()),vip2);\n}\n```\n\n', 'SpringSecurity 新版2.7以上 快速入门\nSpringSecurity\n快速入门', 1, 'http://rqzlcabkz.hd-bkt.clouddn.com/2023/03/05/5f7b3ca82ee34e5d87604cd29126d00d.png', '1', '0', 11, '0', 1, '2023-03-05 23:07:10', 1, '2023-03-05 23:07:10', 0);
INSERT INTO `sg_article` VALUES (10, 'Vue3教程', '一、初识vue3\n1.vue3简介\n2020年9月18日，vue3发布3.0版本，代号大海贼时代来临，One Piece\n特点：\n无需构建步骤，渐进式增强静态的 HTML\n在任何页面中作为 Web Components 嵌入\n单页应用 (SPA)\n全栈 / 服务端渲染 (SSR)\nJamstack / 静态站点生成 (SSG)\n开发桌面端、移动端、WebGL，甚至是命令行终端中的界面\n2.Vue3带来了什么\n打包大小减少40%\n初次渲染快55%，更新渲染快133%\n内存减少54%\n3.分析目录结构\nmain.js中的引入\n在模板中vue3中是可以没有根标签了，这也是比较重要的改变\n应用实例并不只限于一个。createApp API 允许你在同一个页面中创建多个共存的 Vue 应用，而且每个应用都拥有自己的用于配置和全局资源的作用域。\n', '2020年9月18日，vue3发布3.0版本，代号大海贼时代来临，One Piece', NULL, '', '1', '0', 0, '0', 1, '2023-03-05 23:14:50', NULL, '2023-03-05 23:19:00', 1);
INSERT INTO `sg_article` VALUES (11, 'JDK的简单介绍', '1.JDK即Java Develop Kit，是Java开发工具包。\n\n开发Java程序必须有Java开发环境，即Java开发工具包，这个工具包包含了编译、运行、调试等关键命令，哪怕运行Eclipse,NetBeans等开发工具，也要有JDK或JRE的支持，所以开发Java程序之前的第一步准备就是获取JDK，该工具包要到官网下载。\n\n2.JDK的基本组件包括：\n\n        javac:编译器，将源程序转成字节码。\n\n        jar:打包工具,将相关类文件打包成一个文件。\n\n        javadoc：文档生成器，从源码注释中提取文档。\n\n        jdb：debugger，差错工具。\n\n3.JDK中还包括完整的JRE（java runtime environment,Java运行环境），也被称为Private Runtime,包含了用于产品环境的各种类库，以及给开发人员使用的补充库，如国际化的库、IDL库。JDK中海包括各种例子程序，用以展示Java API中的各部分。\n\n4.JDK由一个标准类库和一组建立、测试程序及建立文档的Java实用程序组成。\n\n其核心Java API是一些预定义的类库，开发人员需要用这些类来访问Java的功能。\n\nJava API包括一些重要的语言结构以及基本图形、网络和文件I/O。\n\n一般来说，Java API的非I/O部分对于运行Java的所有平台是相同的，而I/O部分则仅在通用Java环境中实现。\n\n5.安装JDK后的目录及文件结构：\n\n JDK中主要有七种程序：\n\njavac:Java解释器，将Java源码转换成字节码。\n\njava：Java解释器，直接将类文件执行Java应用程序字节代码。\n\nappletviewer:小程序浏览器，一种执行HTML文件上的Java小程序的Java浏览器。\n\nJavadoc:根据Java源码及说明语句生成HTML文档。\n\njdb:java调试器，可以逐行执行程序，设置断点和检查变量。\n\njavah:产生可以调用Java过程的c过程，或建立能被Java程序调用的C过程的头文件。\n\njavap:Java反汇编器，显示编译类文件中的可访问功能和数据，同时显示字节代码含义。\n![jdk.png](http://rqzlcabkz.hd-bkt.clouddn.com/2023/03/23/3ce9b861f16e46fca2a7b4c1da370fc2.png)', '开发Java程序必须有Java开发环境，即Java开发工具包', 1, 'http://rqzlcabkz.hd-bkt.clouddn.com/2023/03/23/7ce1315cfb1a457f9d48920ac47b3798.png', '1', '0', 7, '0', 1, '2023-03-23 15:08:25', NULL, '2023-03-23 15:09:05', 0);

-- ----------------------------
-- Table structure for sg_article_tag
-- ----------------------------
DROP TABLE IF EXISTS `sg_article_tag`;
CREATE TABLE `sg_article_tag`  (
  `article_id` bigint(0) NOT NULL AUTO_INCREMENT COMMENT '文章id',
  `tag_id` bigint(0) NOT NULL DEFAULT 0 COMMENT '标签id',
  PRIMARY KEY (`article_id`, `tag_id`) USING BTREE
) ENGINE = InnoDB AUTO_INCREMENT = 12 CHARACTER SET = utf8mb4 COLLATE = utf8mb4_0900_ai_ci COMMENT = '文章标签关联表' ROW_FORMAT = Dynamic;

-- ----------------------------
-- Records of sg_article_tag
-- ----------------------------
INSERT INTO `sg_article_tag` VALUES (1, 4);
INSERT INTO `sg_article_tag` VALUES (2, 1);
INSERT INTO `sg_article_tag` VALUES (2, 4);
INSERT INTO `sg_article_tag` VALUES (3, 4);
INSERT INTO `sg_article_tag` VALUES (3, 5);
INSERT INTO `sg_article_tag` VALUES (9, 4);
INSERT INTO `sg_article_tag` VALUES (11, 4);

-- ----------------------------
-- Table structure for sg_category
-- ----------------------------
DROP TABLE IF EXISTS `sg_category`;
CREATE TABLE `sg_category`  (
  `id` bigint(0) NOT NULL AUTO_INCREMENT,
  `name` varchar(128) CHARACTER SET utf8mb4 COLLATE utf8mb4_0900_ai_ci NULL DEFAULT NULL COMMENT '分类名',
  `pid` bigint(0) NULL DEFAULT -1 COMMENT '父分类id，如果没有父分类为-1',
  `description` varchar(512) CHARACTER SET utf8mb4 COLLATE utf8mb4_0900_ai_ci NULL DEFAULT NULL COMMENT '描述',
  `status` char(1) CHARACTER SET utf8mb4 COLLATE utf8mb4_0900_ai_ci NULL DEFAULT '0' COMMENT '状态0:正常,1禁用',
  `create_by` bigint(0) NULL DEFAULT NULL,
  `create_time` datetime(0) NULL DEFAULT NULL,
  `update_by` bigint(0) NULL DEFAULT NULL,
  `update_time` datetime(0) NULL DEFAULT NULL,
  `del_flag` int(0) NULL DEFAULT 0 COMMENT '删除标志（0代表未删除，1代表已删除）',
  PRIMARY KEY (`id`) USING BTREE
) ENGINE = InnoDB AUTO_INCREMENT = 20 CHARACTER SET = utf8mb4 COLLATE = utf8mb4_0900_ai_ci COMMENT = '分类表' ROW_FORMAT = Dynamic;

-- ----------------------------
-- Records of sg_category
-- ----------------------------
INSERT INTO `sg_category` VALUES (1, 'java', -1, 'wsd', '0', NULL, NULL, NULL, NULL, 0);
INSERT INTO `sg_category` VALUES (2, 'PHP', -1, 'wsd', '0', NULL, NULL, NULL, NULL, 0);
INSERT INTO `sg_category` VALUES (3, 'MySql', -1, '数据库', '0', NULL, NULL, NULL, NULL, 0);

-- ----------------------------
-- Table structure for sg_comment
-- ----------------------------
DROP TABLE IF EXISTS `sg_comment`;
CREATE TABLE `sg_comment`  (
  `id` bigint(0) NOT NULL AUTO_INCREMENT,
  `type` char(1) CHARACTER SET utf8mb4 COLLATE utf8mb4_0900_ai_ci NULL DEFAULT '0' COMMENT '评论类型（0代表文章评论，1代表友链评论）',
  `article_id` bigint(0) NULL DEFAULT NULL COMMENT '文章id',
  `root_id` bigint(0) NULL DEFAULT -1 COMMENT '根评论id',
  `content` varchar(512) CHARACTER SET utf8mb4 COLLATE utf8mb4_0900_ai_ci NULL DEFAULT NULL COMMENT '评论内容',
  `to_comment_user_id` bigint(0) NULL DEFAULT -1 COMMENT '所回复的目标评论的userid',
  `to_comment_id` bigint(0) NULL DEFAULT -1 COMMENT '回复目标评论id',
  `create_by` bigint(0) NULL DEFAULT NULL,
  `create_time` datetime(0) NULL DEFAULT NULL,
  `update_by` bigint(0) NULL DEFAULT NULL,
  `update_time` datetime(0) NULL DEFAULT NULL,
  `del_flag` int(0) NULL DEFAULT 0 COMMENT '删除标志（0代表未删除，1代表已删除）',
  PRIMARY KEY (`id`) USING BTREE
) ENGINE = InnoDB AUTO_INCREMENT = 37 CHARACTER SET = utf8mb4 COLLATE = utf8mb4_0900_ai_ci COMMENT = '评论表' ROW_FORMAT = Dynamic;

-- ----------------------------
-- Records of sg_comment
-- ----------------------------
INSERT INTO `sg_comment` VALUES (1, '0', 1, -1, 'asS', -1, -1, 1, '2022-01-29 07:59:22', 1, '2022-01-29 07:59:22', 0);
INSERT INTO `sg_comment` VALUES (2, '0', 1, -1, '[哈哈]SDAS', -1, -1, 1, '2022-01-29 08:01:24', 1, '2022-01-29 08:01:24', 0);
INSERT INTO `sg_comment` VALUES (3, '0', 1, -1, '是大多数', -1, -1, 1, '2022-01-29 16:07:24', 1, '2022-01-29 16:07:24', 0);
INSERT INTO `sg_comment` VALUES (4, '0', 1, -1, '撒大声地', -1, -1, 1, '2022-01-29 16:12:09', 1, '2022-01-29 16:12:09', 0);
INSERT INTO `sg_comment` VALUES (5, '0', 1, -1, '你再说什么', -1, -1, 1, '2022-01-29 18:19:56', 1, '2022-01-29 18:19:56', 0);
INSERT INTO `sg_comment` VALUES (6, '0', 1, -1, 'hffd', -1, -1, 1, '2022-01-29 22:13:52', 1, '2022-01-29 22:13:52', 0);
INSERT INTO `sg_comment` VALUES (9, '0', 1, 2, '你说什么', 1, 2, 1, '2022-01-29 22:18:40', 1, '2022-01-29 22:18:40', 0);
INSERT INTO `sg_comment` VALUES (10, '0', 1, 2, '哈哈哈哈[哈哈]', 1, 9, 1, '2022-01-29 22:29:15', 1, '2022-01-29 22:29:15', 0);
INSERT INTO `sg_comment` VALUES (11, '0', 1, 2, 'we全文', 1, 10, 3, '2022-01-29 22:29:55', 1, '2022-01-29 22:29:55', 0);
INSERT INTO `sg_comment` VALUES (12, '0', 1, -1, '王企鹅', -1, -1, 1, '2022-01-29 22:30:20', 1, '2022-01-29 22:30:20', 0);
INSERT INTO `sg_comment` VALUES (13, '0', 1, -1, '什么阿是', -1, -1, 1, '2022-01-29 22:30:56', 1, '2022-01-29 22:30:56', 0);
INSERT INTO `sg_comment` VALUES (14, '0', 1, -1, '新平顶山', -1, -1, 1, '2022-01-29 22:32:51', 1, '2022-01-29 22:32:51', 0);
INSERT INTO `sg_comment` VALUES (15, '0', 1, -1, '2222', -1, -1, 1, '2022-01-29 22:34:38', 1, '2022-01-29 22:34:38', 0);
INSERT INTO `sg_comment` VALUES (16, '0', 1, 2, '3333', 1, 11, 1, '2022-01-29 22:34:47', 1, '2022-01-29 22:34:47', 0);
INSERT INTO `sg_comment` VALUES (17, '0', 1, 2, '回复weqedadsd', 3, 11, 1, '2022-01-29 22:38:00', 1, '2022-01-29 22:38:00', 0);
INSERT INTO `sg_comment` VALUES (18, '0', 1, -1, 'sdasd', -1, -1, 1, '2022-01-29 23:18:19', 1, '2022-01-29 23:18:19', 0);
INSERT INTO `sg_comment` VALUES (19, '0', 1, -1, '111', -1, -1, 1, '2022-01-29 23:22:23', 1, '2022-01-29 23:22:23', 0);
INSERT INTO `sg_comment` VALUES (20, '0', 1, 1, '你说啥？', 1, 1, 1, '2022-01-30 10:06:21', 1, '2022-01-30 10:06:21', 0);
INSERT INTO `sg_comment` VALUES (21, '0', 1, -1, '友链添加个呗', -1, -1, 1, '2022-01-30 10:06:50', 1, '2022-01-30 10:06:50', 0);
INSERT INTO `sg_comment` VALUES (22, '1', 1, -1, '友链评论2', -1, -1, 1, '2022-01-30 10:08:28', 1, '2022-01-30 10:08:28', 0);
INSERT INTO `sg_comment` VALUES (23, '1', 1, 22, '回复友链评论3', 1, 22, 1, '2022-01-30 10:08:50', 1, '2022-01-30 10:08:50', 0);
INSERT INTO `sg_comment` VALUES (24, '1', 1, -1, '友链评论4444', -1, -1, 1, '2022-01-30 10:09:03', 1, '2022-01-30 10:09:03', 0);
INSERT INTO `sg_comment` VALUES (25, '1', 1, 22, '收到的', 1, 22, 1, '2022-01-30 10:13:28', 1, '2022-01-30 10:13:28', 0);
INSERT INTO `sg_comment` VALUES (26, '0', 1, -1, 'sda', -1, -1, 1, '2022-01-30 10:39:05', 1, '2022-01-30 10:39:05', 0);
INSERT INTO `sg_comment` VALUES (27, '0', 1, 1, '说你咋地', 1, 20, 14787164048662, '2022-01-30 17:19:30', 14787164048662, '2022-01-30 17:19:30', 0);
INSERT INTO `sg_comment` VALUES (28, '0', 1, 1, 'sdad', 1, 1, 14787164048662, '2022-01-31 11:11:20', 14787164048662, '2022-01-31 11:11:20', 0);
INSERT INTO `sg_comment` VALUES (29, '0', 1, -1, '你说是的ad', -1, -1, 14787164048662, '2022-01-31 14:10:11', 14787164048662, '2022-01-31 14:10:11', 0);
INSERT INTO `sg_comment` VALUES (30, '0', 1, 1, '撒大声地', 1, 1, 14787164048662, '2022-01-31 20:19:18', 14787164048662, '2022-01-31 20:19:18', 0);
INSERT INTO `sg_comment` VALUES (31, '0', 1, -1, '理想国[棒棒]', -1, -1, 1, '2023-01-16 00:30:51', 1, '2023-01-16 00:30:51', 0);
INSERT INTO `sg_comment` VALUES (32, '0', 1, -1, '很好', -1, -1, 1, '2023-01-16 00:43:41', 1, '2023-01-16 00:43:41', 0);
INSERT INTO `sg_comment` VALUES (34, '0', 1, 12, '王企鹅[嘻嘻]', 1, 12, 1, '2023-01-16 00:52:12', 1, '2023-01-16 00:52:12', 0);
INSERT INTO `sg_comment` VALUES (35, '1', 1, -1, '友链评论测试', -1, -1, 1, '2023-01-28 15:49:21', 1, '2023-01-28 15:49:21', 0);
INSERT INTO `sg_comment` VALUES (36, '1', 1, 35, '回复测试\n', 1, 35, 1, '2023-01-28 15:49:48', 1, '2023-01-28 15:49:48', 0);

-- ----------------------------
-- Table structure for sg_link
-- ----------------------------
DROP TABLE IF EXISTS `sg_link`;
CREATE TABLE `sg_link`  (
  `id` bigint(0) NOT NULL AUTO_INCREMENT,
  `name` varchar(256) CHARACTER SET utf8mb4 COLLATE utf8mb4_0900_ai_ci NULL DEFAULT NULL,
  `logo` varchar(256) CHARACTER SET utf8mb4 COLLATE utf8mb4_0900_ai_ci NULL DEFAULT NULL,
  `description` varchar(512) CHARACTER SET utf8mb4 COLLATE utf8mb4_0900_ai_ci NULL DEFAULT NULL,
  `address` varchar(128) CHARACTER SET utf8mb4 COLLATE utf8mb4_0900_ai_ci NULL DEFAULT NULL COMMENT '网站地址',
  `status` char(1) CHARACTER SET utf8mb4 COLLATE utf8mb4_0900_ai_ci NULL DEFAULT '2' COMMENT '审核状态 (0代表审核通过，1代表审核未通过，2代表未审核)',
  `create_by` bigint(0) NULL DEFAULT NULL,
  `create_time` datetime(0) NULL DEFAULT NULL,
  `update_by` bigint(0) NULL DEFAULT NULL,
  `update_time` datetime(0) NULL DEFAULT NULL,
  `del_flag` int(0) NULL DEFAULT 0 COMMENT '删除标志（0代表未删除，1代表已删除）',
  PRIMARY KEY (`id`) USING BTREE
) ENGINE = InnoDB AUTO_INCREMENT = 5 CHARACTER SET = utf8mb4 COLLATE = utf8mb4_0900_ai_ci COMMENT = '友链' ROW_FORMAT = Dynamic;

-- ----------------------------
-- Records of sg_link
-- ----------------------------
INSERT INTO `sg_link` VALUES (1, 'sda', 'https://gimg2.baidu.com/image_search/src=http%3A%2F%2Fn1.itc.cn%2Fimg8%2Fwb%2Frecom%2F2016%2F05%2F10%2F146286696706220328.PNG&refer=http%3A%2F%2Fn1.itc.cn&app=2002&size=f9999,10000&q=a80&n=0&g=0n&fmt=jpeg?sec=1646205529&t=f942665181eb9b0685db7a6f59d59975', 'sda', 'https://www.baidu.com', '0', NULL, '2022-01-13 08:25:47', NULL, '2022-01-13 08:36:14', 0);
INSERT INTO `sg_link` VALUES (2, 'sda', 'https://gimg2.baidu.com/image_search/src=http%3A%2F%2Fn1.itc.cn%2Fimg8%2Fwb%2Frecom%2F2016%2F05%2F10%2F146286696706220328.PNG&refer=http%3A%2F%2Fn1.itc.cn&app=2002&size=f9999,10000&q=a80&n=0&g=0n&fmt=jpeg?sec=1646205529&t=f942665181eb9b0685db7a6f59d59975', 'dada', 'https://www.qq.com', '1', NULL, '2022-01-13 09:06:10', NULL, '2022-01-13 09:07:09', 0);
INSERT INTO `sg_link` VALUES (3, 'sa', 'https://gimg2.baidu.com/image_search/src=http%3A%2F%2Fn1.itc.cn%2Fimg8%2Fwb%2Frecom%2F2016%2F05%2F10%2F146286696706220328.PNG&refer=http%3A%2F%2Fn1.itc.cn&app=2002&size=f9999,10000&q=a80&n=0&g=0n&fmt=jpeg?sec=1646205529&t=f942665181eb9b0685db7a6f59d59975', 'da', 'https://www.taobao.com', '1', NULL, '2022-01-13 09:23:01', NULL, '2022-01-13 09:23:01', 0);
INSERT INTO `sg_link` VALUES (4, 'jd', 'https://gimg2.baidu.com/image_search/src=http%3A%2F%2Fn1.itc.cn%2Fimg8%2Fwb%2Frecom%2F2016%2F05%2F10%2F146286696706220328.PNG&refer=http%3A%2F%2Fn1.itc.cn&app=2002&size=f9999,10000&q=a80&n=0&g=0n&fmt=jpeg?sec=1646205529&t=f942665181eb9b0685db7a6f59d59975', 'jd', 'www.jingdong.com', '2', NULL, NULL, NULL, NULL, 0);

-- ----------------------------
-- Table structure for sg_tag
-- ----------------------------
DROP TABLE IF EXISTS `sg_tag`;
CREATE TABLE `sg_tag`  (
  `id` bigint(0) NOT NULL AUTO_INCREMENT,
  `name` varchar(128) CHARACTER SET utf8mb4 COLLATE utf8mb4_0900_ai_ci NULL DEFAULT NULL COMMENT '标签名',
  `create_by` bigint(0) NULL DEFAULT NULL,
  `create_time` datetime(0) NULL DEFAULT NULL,
  `update_by` bigint(0) NULL DEFAULT NULL,
  `update_time` datetime(0) NULL DEFAULT NULL,
  `del_flag` int(0) NULL DEFAULT 0 COMMENT '删除标志（0代表未删除，1代表已删除）',
  `remark` varchar(500) CHARACTER SET utf8mb4 COLLATE utf8mb4_0900_ai_ci NULL DEFAULT NULL COMMENT '备注',
  PRIMARY KEY (`id`) USING BTREE
) ENGINE = InnoDB AUTO_INCREMENT = 8 CHARACTER SET = utf8mb4 COLLATE = utf8mb4_0900_ai_ci COMMENT = '标签' ROW_FORMAT = Dynamic;

-- ----------------------------
-- Records of sg_tag
-- ----------------------------
INSERT INTO `sg_tag` VALUES (1, 'Mybatis', NULL, NULL, NULL, '2022-01-11 09:20:50', 0, 'weqwe');
INSERT INTO `sg_tag` VALUES (2, 'asdas', NULL, '2022-01-11 09:20:55', NULL, '2022-01-11 09:20:55', 1, 'weqw');
INSERT INTO `sg_tag` VALUES (3, 'weqw', NULL, '2022-01-11 09:21:07', NULL, '2022-01-11 09:21:07', 1, 'qweqwe');
INSERT INTO `sg_tag` VALUES (4, 'Java', NULL, '2022-01-13 15:22:43', NULL, '2022-01-13 15:22:43', 0, 'sdad');
INSERT INTO `sg_tag` VALUES (5, 'WAD', NULL, '2022-01-13 15:22:47', NULL, '2022-01-13 15:22:47', 1, 'ASDAD');
INSERT INTO `sg_tag` VALUES (6, 'MySql', NULL, NULL, NULL, NULL, 0, 'mysql数据库');
INSERT INTO `sg_tag` VALUES (7, 'Spring', NULL, NULL, NULL, NULL, 0, '框架');

-- ----------------------------
-- Table structure for sys_menu
-- ----------------------------
DROP TABLE IF EXISTS `sys_menu`;
CREATE TABLE `sys_menu`  (
  `id` bigint(0) NOT NULL AUTO_INCREMENT COMMENT '菜单ID',
  `menu_name` varchar(50) CHARACTER SET utf8mb3 COLLATE utf8mb3_general_ci NOT NULL COMMENT '菜单名称',
  `parent_id` bigint(0) NULL DEFAULT 0 COMMENT '父菜单ID',
  `order_num` int(0) NULL DEFAULT 0 COMMENT '显示顺序',
  `path` varchar(200) CHARACTER SET utf8mb3 COLLATE utf8mb3_general_ci NULL DEFAULT '' COMMENT '路由地址',
  `component` varchar(255) CHARACTER SET utf8mb3 COLLATE utf8mb3_general_ci NULL DEFAULT NULL COMMENT '组件路径',
  `is_frame` int(0) NULL DEFAULT 1 COMMENT '是否为外链（0是 1否）',
  `menu_type` char(1) CHARACTER SET utf8mb3 COLLATE utf8mb3_general_ci NULL DEFAULT '' COMMENT '菜单类型（M目录 C菜单 F按钮）',
  `visible` char(1) CHARACTER SET utf8mb3 COLLATE utf8mb3_general_ci NULL DEFAULT '0' COMMENT '菜单状态（0显示 1隐藏）',
  `status` char(1) CHARACTER SET utf8mb3 COLLATE utf8mb3_general_ci NULL DEFAULT '0' COMMENT '菜单状态（0正常 1停用）',
  `perms` varchar(100) CHARACTER SET utf8mb3 COLLATE utf8mb3_general_ci NULL DEFAULT NULL COMMENT '权限标识',
  `icon` varchar(100) CHARACTER SET utf8mb3 COLLATE utf8mb3_general_ci NULL DEFAULT '#' COMMENT '菜单图标',
  `create_by` bigint(0) NULL DEFAULT NULL COMMENT '创建者',
  `create_time` datetime(0) NULL DEFAULT NULL COMMENT '创建时间',
  `update_by` bigint(0) NULL DEFAULT NULL COMMENT '更新者',
  `update_time` datetime(0) NULL DEFAULT NULL COMMENT '更新时间',
  `remark` varchar(500) CHARACTER SET utf8mb3 COLLATE utf8mb3_general_ci NULL DEFAULT '' COMMENT '备注',
  `del_flag` char(1) CHARACTER SET utf8mb3 COLLATE utf8mb3_general_ci NULL DEFAULT '0',
  PRIMARY KEY (`id`) USING BTREE
) ENGINE = InnoDB AUTO_INCREMENT = 2034 CHARACTER SET = utf8mb3 COLLATE = utf8mb3_general_ci COMMENT = '菜单权限表' ROW_FORMAT = Dynamic;

-- ----------------------------
-- Records of sys_menu
-- ----------------------------
INSERT INTO `sys_menu` VALUES (1, '系统管理', 0, 1, 'system', NULL, 1, 'M', '0', '0', '', 'system', 0, '2021-11-12 10:46:19', 0, NULL, '系统管理目录', '0');
INSERT INTO `sys_menu` VALUES (100, '用户管理', 1, 1, 'user', 'system/user/index', 1, 'C', '0', '0', 'system:user:list', 'user', 0, '2021-11-12 10:46:19', 1, '2022-07-31 15:47:58', '用户管理菜单', '0');
INSERT INTO `sys_menu` VALUES (101, '角色管理', 1, 2, 'role', 'system/role/index', 1, 'C', '0', '0', 'system:role:list', 'peoples', 0, '2021-11-12 10:46:19', 0, NULL, '角色管理菜单', '0');
INSERT INTO `sys_menu` VALUES (102, '菜单管理', 1, 3, 'menu', 'system/menu/index', 1, 'C', '0', '0', 'system:menu:list', 'tree-table', 0, '2021-11-12 10:46:19', 0, NULL, '菜单管理菜单', '0');
INSERT INTO `sys_menu` VALUES (1001, '用户查询', 100, 1, '', '', 1, 'F', '0', '0', 'system:user:query', '#', 0, '2021-11-12 10:46:19', 0, NULL, '', '0');
INSERT INTO `sys_menu` VALUES (1002, '用户新增', 100, 2, '', '', 1, 'F', '0', '0', 'system:user:add', '#', 0, '2021-11-12 10:46:19', 0, NULL, '', '0');
INSERT INTO `sys_menu` VALUES (1003, '用户修改', 100, 3, '', '', 1, 'F', '0', '0', 'system:user:edit', '#', 0, '2021-11-12 10:46:19', 0, NULL, '', '0');
INSERT INTO `sys_menu` VALUES (1004, '用户删除', 100, 4, '', '', 1, 'F', '0', '0', 'system:user:remove', '#', 0, '2021-11-12 10:46:19', 0, NULL, '', '0');
INSERT INTO `sys_menu` VALUES (1005, '用户导出', 100, 5, '', '', 1, 'F', '0', '0', 'system:user:export', '#', 0, '2021-11-12 10:46:19', 0, NULL, '', '0');
INSERT INTO `sys_menu` VALUES (1006, '用户导入', 100, 6, '', '', 1, 'F', '0', '0', 'system:user:import', '#', 0, '2021-11-12 10:46:19', 0, NULL, '', '0');
INSERT INTO `sys_menu` VALUES (1007, '重置密码', 100, 7, '', '', 1, 'F', '0', '0', 'system:user:resetPwd', '#', 0, '2021-11-12 10:46:19', 0, NULL, '', '0');
INSERT INTO `sys_menu` VALUES (1008, '角色查询', 101, 1, '', '', 1, 'F', '0', '0', 'system:role:query', '#', 0, '2021-11-12 10:46:19', 0, NULL, '', '0');
INSERT INTO `sys_menu` VALUES (1009, '角色新增', 101, 2, '', '', 1, 'F', '0', '0', 'system:role:add', '#', 0, '2021-11-12 10:46:19', 0, NULL, '', '0');
INSERT INTO `sys_menu` VALUES (1010, '角色修改', 101, 3, '', '', 1, 'F', '0', '0', 'system:role:edit', '#', 0, '2021-11-12 10:46:19', 0, NULL, '', '0');
INSERT INTO `sys_menu` VALUES (1011, '角色删除', 101, 4, '', '', 1, 'F', '0', '0', 'system:role:remove', '#', 0, '2021-11-12 10:46:19', 0, NULL, '', '0');
INSERT INTO `sys_menu` VALUES (1012, '角色导出', 101, 5, '', '', 1, 'F', '0', '0', 'system:role:export', '#', 0, '2021-11-12 10:46:19', 0, NULL, '', '0');
INSERT INTO `sys_menu` VALUES (1013, '菜单查询', 102, 1, '', '', 1, 'F', '0', '0', 'system:menu:query', '#', 0, '2021-11-12 10:46:19', 0, NULL, '', '0');
INSERT INTO `sys_menu` VALUES (1014, '菜单新增', 102, 2, '', '', 1, 'F', '0', '0', 'system:menu:add', '#', 0, '2021-11-12 10:46:19', 0, NULL, '', '0');
INSERT INTO `sys_menu` VALUES (1015, '菜单修改', 102, 3, '', '', 1, 'F', '0', '0', 'system:menu:edit', '#', 0, '2021-11-12 10:46:19', 0, NULL, '', '0');
INSERT INTO `sys_menu` VALUES (1016, '菜单删除', 102, 4, '', '', 1, 'F', '0', '0', 'system:menu:remove', '#', 0, '2021-11-12 10:46:19', 0, NULL, '', '0');
INSERT INTO `sys_menu` VALUES (2017, '内容管理', 0, 4, 'content', NULL, 1, 'M', '0', '0', NULL, 'table', NULL, '2022-01-08 02:44:38', 1, '2022-07-31 12:34:23', '', '0');
INSERT INTO `sys_menu` VALUES (2018, '分类管理', 2017, 1, 'category', 'content/category/index', 1, 'C', '0', '0', 'content:category:list', 'example', NULL, '2022-01-08 02:51:45', NULL, '2022-01-08 02:51:45', '', '0');
INSERT INTO `sys_menu` VALUES (2019, '文章管理', 2017, 0, 'article', 'content/article/index', 1, 'C', '0', '0', 'content:article:list', 'build', NULL, '2022-01-08 02:53:10', NULL, '2022-01-08 02:53:10', '', '0');
INSERT INTO `sys_menu` VALUES (2021, '标签管理', 2017, 6, 'tag', 'content/tag/index', 1, 'C', '0', '0', 'content:tag:index', 'button', NULL, '2022-01-08 02:55:37', NULL, '2022-01-08 02:55:50', '', '0');
INSERT INTO `sys_menu` VALUES (2022, '友链管理', 2017, 4, 'link', 'content/link/index', 1, 'C', '0', '0', 'content:link:list', '404', NULL, '2022-01-08 02:56:50', NULL, '2022-01-08 02:56:50', '', '0');
INSERT INTO `sys_menu` VALUES (2023, '写博文', 0, 0, 'write', 'content/article/write/index', 1, 'C', '0', '0', 'content:article:writer', 'build', NULL, '2022-01-08 03:39:58', 1, '2022-07-31 22:07:05', '', '0');
INSERT INTO `sys_menu` VALUES (2024, '友链新增', 2022, 0, '', NULL, 1, 'F', '0', '0', 'content:link:add', '#', NULL, '2022-01-16 07:59:17', NULL, '2022-01-16 07:59:17', '', '0');
INSERT INTO `sys_menu` VALUES (2025, '友链修改', 2022, 1, '', NULL, 1, 'F', '0', '0', 'content:link:edit', '#', NULL, '2022-01-16 07:59:44', NULL, '2022-01-16 07:59:44', '', '0');
INSERT INTO `sys_menu` VALUES (2026, '友链删除', 2022, 1, '', NULL, 1, 'F', '0', '0', 'content:link:remove', '#', NULL, '2022-01-16 08:00:05', NULL, '2022-01-16 08:00:05', '', '0');
INSERT INTO `sys_menu` VALUES (2027, '友链查询', 2022, 2, '', NULL, 1, 'F', '0', '0', 'content:link:query', '#', NULL, '2022-01-16 08:04:09', NULL, '2022-01-16 08:04:09', '', '0');
INSERT INTO `sys_menu` VALUES (2028, '导出分类', 2018, 1, '', NULL, 1, 'F', '0', '0', 'content:category:export', '#', NULL, '2022-01-21 07:06:59', NULL, '2022-01-21 07:06:59', '', '0');

-- ----------------------------
-- Table structure for sys_role
-- ----------------------------
DROP TABLE IF EXISTS `sys_role`;
CREATE TABLE `sys_role`  (
  `id` bigint(0) NOT NULL AUTO_INCREMENT COMMENT '角色ID',
  `role_name` varchar(30) CHARACTER SET utf8mb3 COLLATE utf8mb3_general_ci NOT NULL COMMENT '角色名称',
  `role_key` varchar(100) CHARACTER SET utf8mb3 COLLATE utf8mb3_general_ci NOT NULL COMMENT '角色权限字符串',
  `role_sort` int(0) NOT NULL COMMENT '显示顺序',
  `status` char(1) CHARACTER SET utf8mb3 COLLATE utf8mb3_general_ci NOT NULL COMMENT '角色状态（0正常 1停用）',
  `del_flag` char(1) CHARACTER SET utf8mb3 COLLATE utf8mb3_general_ci NULL DEFAULT '0' COMMENT '删除标志（0代表存在 1代表删除）',
  `create_by` bigint(0) NULL DEFAULT NULL COMMENT '创建者',
  `create_time` datetime(0) NULL DEFAULT NULL COMMENT '创建时间',
  `update_by` bigint(0) NULL DEFAULT NULL COMMENT '更新者',
  `update_time` datetime(0) NULL DEFAULT NULL COMMENT '更新时间',
  `remark` varchar(500) CHARACTER SET utf8mb3 COLLATE utf8mb3_general_ci NULL DEFAULT NULL COMMENT '备注',
  PRIMARY KEY (`id`) USING BTREE
) ENGINE = InnoDB AUTO_INCREMENT = 13 CHARACTER SET = utf8mb3 COLLATE = utf8mb3_general_ci COMMENT = '角色信息表' ROW_FORMAT = Dynamic;

-- ----------------------------
-- Records of sys_role
-- ----------------------------
INSERT INTO `sys_role` VALUES (1, '超级管理员', 'admin', 1, '0', '0', 0, '2021-11-12 10:46:19', 0, NULL, '超级管理员');
INSERT INTO `sys_role` VALUES (2, '普通角色', 'common', 2, '0', '0', 0, '2021-11-12 10:46:19', 0, '2022-01-01 22:32:58', '普通角色');
INSERT INTO `sys_role` VALUES (11, '嘎嘎嘎', 'aggag', 5, '0', '0', NULL, '2022-01-06 14:07:40', NULL, '2022-01-07 03:48:48', '嘎嘎嘎');
INSERT INTO `sys_role` VALUES (12, '友链审核员', 'link', 1, '0', '0', NULL, '2022-01-16 06:49:30', NULL, '2022-01-16 08:05:09', NULL);

-- ----------------------------
-- Table structure for sys_role_menu
-- ----------------------------
DROP TABLE IF EXISTS `sys_role_menu`;
CREATE TABLE `sys_role_menu`  (
  `role_id` bigint(0) NOT NULL COMMENT '角色ID',
  `menu_id` bigint(0) NOT NULL COMMENT '菜单ID',
  PRIMARY KEY (`role_id`, `menu_id`) USING BTREE
) ENGINE = InnoDB CHARACTER SET = utf8mb3 COLLATE = utf8mb3_general_ci COMMENT = '角色和菜单关联表' ROW_FORMAT = Dynamic;

-- ----------------------------
-- Records of sys_role_menu
-- ----------------------------
INSERT INTO `sys_role_menu` VALUES (0, 0);
INSERT INTO `sys_role_menu` VALUES (2, 1);
INSERT INTO `sys_role_menu` VALUES (2, 102);
INSERT INTO `sys_role_menu` VALUES (2, 1013);
INSERT INTO `sys_role_menu` VALUES (2, 1014);
INSERT INTO `sys_role_menu` VALUES (2, 1015);
INSERT INTO `sys_role_menu` VALUES (2, 1016);
INSERT INTO `sys_role_menu` VALUES (2, 2000);
INSERT INTO `sys_role_menu` VALUES (3, 2);
INSERT INTO `sys_role_menu` VALUES (3, 3);
INSERT INTO `sys_role_menu` VALUES (3, 4);
INSERT INTO `sys_role_menu` VALUES (3, 100);
INSERT INTO `sys_role_menu` VALUES (3, 101);
INSERT INTO `sys_role_menu` VALUES (3, 103);
INSERT INTO `sys_role_menu` VALUES (3, 104);
INSERT INTO `sys_role_menu` VALUES (3, 105);
INSERT INTO `sys_role_menu` VALUES (3, 106);
INSERT INTO `sys_role_menu` VALUES (3, 107);
INSERT INTO `sys_role_menu` VALUES (3, 108);
INSERT INTO `sys_role_menu` VALUES (3, 109);
INSERT INTO `sys_role_menu` VALUES (3, 110);
INSERT INTO `sys_role_menu` VALUES (3, 111);
INSERT INTO `sys_role_menu` VALUES (3, 112);
INSERT INTO `sys_role_menu` VALUES (3, 113);
INSERT INTO `sys_role_menu` VALUES (3, 114);
INSERT INTO `sys_role_menu` VALUES (3, 115);
INSERT INTO `sys_role_menu` VALUES (3, 116);
INSERT INTO `sys_role_menu` VALUES (3, 500);
INSERT INTO `sys_role_menu` VALUES (3, 501);
INSERT INTO `sys_role_menu` VALUES (3, 1001);
INSERT INTO `sys_role_menu` VALUES (3, 1002);
INSERT INTO `sys_role_menu` VALUES (3, 1003);
INSERT INTO `sys_role_menu` VALUES (3, 1004);
INSERT INTO `sys_role_menu` VALUES (3, 1005);
INSERT INTO `sys_role_menu` VALUES (3, 1006);
INSERT INTO `sys_role_menu` VALUES (3, 1007);
INSERT INTO `sys_role_menu` VALUES (3, 1008);
INSERT INTO `sys_role_menu` VALUES (3, 1009);
INSERT INTO `sys_role_menu` VALUES (3, 1010);
INSERT INTO `sys_role_menu` VALUES (3, 1011);
INSERT INTO `sys_role_menu` VALUES (3, 1012);
INSERT INTO `sys_role_menu` VALUES (3, 1017);
INSERT INTO `sys_role_menu` VALUES (3, 1018);
INSERT INTO `sys_role_menu` VALUES (3, 1019);
INSERT INTO `sys_role_menu` VALUES (3, 1020);
INSERT INTO `sys_role_menu` VALUES (3, 1021);
INSERT INTO `sys_role_menu` VALUES (3, 1022);
INSERT INTO `sys_role_menu` VALUES (3, 1023);
INSERT INTO `sys_role_menu` VALUES (3, 1024);
INSERT INTO `sys_role_menu` VALUES (3, 1025);
INSERT INTO `sys_role_menu` VALUES (3, 1026);
INSERT INTO `sys_role_menu` VALUES (3, 1027);
INSERT INTO `sys_role_menu` VALUES (3, 1028);
INSERT INTO `sys_role_menu` VALUES (3, 1029);
INSERT INTO `sys_role_menu` VALUES (3, 1030);
INSERT INTO `sys_role_menu` VALUES (3, 1031);
INSERT INTO `sys_role_menu` VALUES (3, 1032);
INSERT INTO `sys_role_menu` VALUES (3, 1033);
INSERT INTO `sys_role_menu` VALUES (3, 1034);
INSERT INTO `sys_role_menu` VALUES (3, 1035);
INSERT INTO `sys_role_menu` VALUES (3, 1036);
INSERT INTO `sys_role_menu` VALUES (3, 1037);
INSERT INTO `sys_role_menu` VALUES (3, 1038);
INSERT INTO `sys_role_menu` VALUES (3, 1039);
INSERT INTO `sys_role_menu` VALUES (3, 1040);
INSERT INTO `sys_role_menu` VALUES (3, 1041);
INSERT INTO `sys_role_menu` VALUES (3, 1042);
INSERT INTO `sys_role_menu` VALUES (3, 1043);
INSERT INTO `sys_role_menu` VALUES (3, 1044);
INSERT INTO `sys_role_menu` VALUES (3, 1045);
INSERT INTO `sys_role_menu` VALUES (3, 1046);
INSERT INTO `sys_role_menu` VALUES (3, 1047);
INSERT INTO `sys_role_menu` VALUES (3, 1048);
INSERT INTO `sys_role_menu` VALUES (3, 1049);
INSERT INTO `sys_role_menu` VALUES (3, 1050);
INSERT INTO `sys_role_menu` VALUES (3, 1051);
INSERT INTO `sys_role_menu` VALUES (3, 1052);
INSERT INTO `sys_role_menu` VALUES (3, 1053);
INSERT INTO `sys_role_menu` VALUES (3, 1054);
INSERT INTO `sys_role_menu` VALUES (3, 1055);
INSERT INTO `sys_role_menu` VALUES (3, 1056);
INSERT INTO `sys_role_menu` VALUES (3, 1057);
INSERT INTO `sys_role_menu` VALUES (3, 1058);
INSERT INTO `sys_role_menu` VALUES (3, 1059);
INSERT INTO `sys_role_menu` VALUES (3, 1060);
INSERT INTO `sys_role_menu` VALUES (3, 2000);
INSERT INTO `sys_role_menu` VALUES (11, 1);
INSERT INTO `sys_role_menu` VALUES (11, 100);
INSERT INTO `sys_role_menu` VALUES (11, 101);
INSERT INTO `sys_role_menu` VALUES (11, 102);
INSERT INTO `sys_role_menu` VALUES (11, 103);
INSERT INTO `sys_role_menu` VALUES (11, 104);
INSERT INTO `sys_role_menu` VALUES (11, 105);
INSERT INTO `sys_role_menu` VALUES (11, 106);
INSERT INTO `sys_role_menu` VALUES (11, 107);
INSERT INTO `sys_role_menu` VALUES (11, 108);
INSERT INTO `sys_role_menu` VALUES (11, 500);
INSERT INTO `sys_role_menu` VALUES (11, 501);
INSERT INTO `sys_role_menu` VALUES (11, 1001);
INSERT INTO `sys_role_menu` VALUES (11, 1002);
INSERT INTO `sys_role_menu` VALUES (11, 1003);
INSERT INTO `sys_role_menu` VALUES (11, 1004);
INSERT INTO `sys_role_menu` VALUES (11, 1005);
INSERT INTO `sys_role_menu` VALUES (11, 1006);
INSERT INTO `sys_role_menu` VALUES (11, 1007);
INSERT INTO `sys_role_menu` VALUES (11, 1008);
INSERT INTO `sys_role_menu` VALUES (11, 1009);
INSERT INTO `sys_role_menu` VALUES (11, 1010);
INSERT INTO `sys_role_menu` VALUES (11, 1011);
INSERT INTO `sys_role_menu` VALUES (11, 1012);
INSERT INTO `sys_role_menu` VALUES (11, 1013);
INSERT INTO `sys_role_menu` VALUES (11, 1014);
INSERT INTO `sys_role_menu` VALUES (11, 1015);
INSERT INTO `sys_role_menu` VALUES (11, 1016);
INSERT INTO `sys_role_menu` VALUES (11, 1017);
INSERT INTO `sys_role_menu` VALUES (11, 1018);
INSERT INTO `sys_role_menu` VALUES (11, 1019);
INSERT INTO `sys_role_menu` VALUES (11, 1020);
INSERT INTO `sys_role_menu` VALUES (11, 1021);
INSERT INTO `sys_role_menu` VALUES (11, 1022);
INSERT INTO `sys_role_menu` VALUES (11, 1023);
INSERT INTO `sys_role_menu` VALUES (11, 1024);
INSERT INTO `sys_role_menu` VALUES (11, 1025);
INSERT INTO `sys_role_menu` VALUES (11, 1026);
INSERT INTO `sys_role_menu` VALUES (11, 1027);
INSERT INTO `sys_role_menu` VALUES (11, 1028);
INSERT INTO `sys_role_menu` VALUES (11, 1029);
INSERT INTO `sys_role_menu` VALUES (11, 1030);
INSERT INTO `sys_role_menu` VALUES (11, 1031);
INSERT INTO `sys_role_menu` VALUES (11, 1032);
INSERT INTO `sys_role_menu` VALUES (11, 1033);
INSERT INTO `sys_role_menu` VALUES (11, 1034);
INSERT INTO `sys_role_menu` VALUES (11, 1035);
INSERT INTO `sys_role_menu` VALUES (11, 1036);
INSERT INTO `sys_role_menu` VALUES (11, 1037);
INSERT INTO `sys_role_menu` VALUES (11, 1038);
INSERT INTO `sys_role_menu` VALUES (11, 1039);
INSERT INTO `sys_role_menu` VALUES (11, 1040);
INSERT INTO `sys_role_menu` VALUES (11, 1041);
INSERT INTO `sys_role_menu` VALUES (11, 1042);
INSERT INTO `sys_role_menu` VALUES (11, 1043);
INSERT INTO `sys_role_menu` VALUES (11, 1044);
INSERT INTO `sys_role_menu` VALUES (11, 1045);
INSERT INTO `sys_role_menu` VALUES (11, 2000);
INSERT INTO `sys_role_menu` VALUES (11, 2003);
INSERT INTO `sys_role_menu` VALUES (11, 2004);
INSERT INTO `sys_role_menu` VALUES (11, 2005);
INSERT INTO `sys_role_menu` VALUES (11, 2006);
INSERT INTO `sys_role_menu` VALUES (11, 2007);
INSERT INTO `sys_role_menu` VALUES (11, 2008);
INSERT INTO `sys_role_menu` VALUES (11, 2009);
INSERT INTO `sys_role_menu` VALUES (11, 2010);
INSERT INTO `sys_role_menu` VALUES (11, 2011);
INSERT INTO `sys_role_menu` VALUES (11, 2012);
INSERT INTO `sys_role_menu` VALUES (11, 2013);
INSERT INTO `sys_role_menu` VALUES (11, 2014);
INSERT INTO `sys_role_menu` VALUES (12, 2017);
INSERT INTO `sys_role_menu` VALUES (12, 2022);
INSERT INTO `sys_role_menu` VALUES (12, 2024);
INSERT INTO `sys_role_menu` VALUES (12, 2025);
INSERT INTO `sys_role_menu` VALUES (12, 2026);
INSERT INTO `sys_role_menu` VALUES (12, 2027);

-- ----------------------------
-- Table structure for sys_user
-- ----------------------------
DROP TABLE IF EXISTS `sys_user`;
CREATE TABLE `sys_user`  (
  `id` bigint(0) NOT NULL AUTO_INCREMENT COMMENT '主键',
  `user_name` varchar(64) CHARACTER SET utf8mb4 COLLATE utf8mb4_0900_ai_ci NOT NULL DEFAULT 'NULL' COMMENT '用户名',
  `nick_name` varchar(64) CHARACTER SET utf8mb4 COLLATE utf8mb4_0900_ai_ci NOT NULL DEFAULT 'NULL' COMMENT '昵称',
  `password` varchar(64) CHARACTER SET utf8mb4 COLLATE utf8mb4_0900_ai_ci NOT NULL DEFAULT 'NULL' COMMENT '密码',
  `type` char(1) CHARACTER SET utf8mb4 COLLATE utf8mb4_0900_ai_ci NULL DEFAULT '0' COMMENT '用户类型：0代表普通用户，1代表管理员',
  `status` char(1) CHARACTER SET utf8mb4 COLLATE utf8mb4_0900_ai_ci NULL DEFAULT '0' COMMENT '账号状态（0正常 1停用）',
  `email` varchar(64) CHARACTER SET utf8mb4 COLLATE utf8mb4_0900_ai_ci NULL DEFAULT NULL COMMENT '邮箱',
  `phonenumber` varchar(32) CHARACTER SET utf8mb4 COLLATE utf8mb4_0900_ai_ci NULL DEFAULT NULL COMMENT '手机号',
  `sex` char(1) CHARACTER SET utf8mb4 COLLATE utf8mb4_0900_ai_ci NULL DEFAULT NULL COMMENT '用户性别（0男，1女，2未知）',
  `avatar` varchar(128) CHARACTER SET utf8mb4 COLLATE utf8mb4_0900_ai_ci NULL DEFAULT NULL COMMENT '头像',
  `create_by` bigint(0) NULL DEFAULT NULL COMMENT '创建人的用户id',
  `create_time` datetime(0) NULL DEFAULT NULL COMMENT '创建时间',
  `update_by` bigint(0) NULL DEFAULT NULL COMMENT '更新人',
  `update_time` datetime(0) NULL DEFAULT NULL COMMENT '更新时间',
  `del_flag` int(0) NULL DEFAULT 0 COMMENT '删除标志（0代表未删除，1代表已删除）',
  PRIMARY KEY (`id`) USING BTREE
) ENGINE = InnoDB AUTO_INCREMENT = 14787164048666 CHARACTER SET = utf8mb4 COLLATE = utf8mb4_0900_ai_ci COMMENT = '用户表' ROW_FORMAT = Dynamic;

-- ----------------------------
-- Records of sys_user
-- ----------------------------
INSERT INTO `sys_user` VALUES (1, 'sg', 'sg333', '$2a$10$Jnq31rRkNV3RNzXe0REsEOSKaYK8UgVZZqlNlNXqn.JeVcj2NdeZy', '1', '0', '23412332@qq.com', '18888888888', '0', 'http://rpc31f1nc.hd-bkt.clouddn.com/2023/02/08/5460184d8ae64aaa9238cdf5b71099ec.png', NULL, '2022-01-05 09:01:56', 1, '2022-01-30 15:37:03', 0);
INSERT INTO `sys_user` VALUES (3, 'sg3', 'weqe', '$2a$10$ydv3rLkteFnRx9xelQ7elOiVhFvXOooA98xCqk/omh7G94R.K/E3O', '1', '0', NULL, NULL, '0', NULL, NULL, '2022-01-05 13:28:43', NULL, '2022-01-05 13:28:43', 0);
INSERT INTO `sys_user` VALUES (4, 'sg2', 'dsadd', '$2a$10$kY4T3SN7i4muBccZppd2OOkhxMN6yt8tND1sF89hXOaFylhY2T3he', '1', '0', '23412332@qq.com', '19098790742', '0', NULL, NULL, NULL, NULL, NULL, 0);
INSERT INTO `sys_user` VALUES (5, 'sg2233', 'tteqe', '', '1', '0', NULL, '18246845873', '1', NULL, NULL, '2022-01-06 03:51:13', NULL, '2022-01-06 07:00:50', 0);
INSERT INTO `sys_user` VALUES (6, 'sangeng', 'sangeng', '$2a$10$Jnq31rRkNV3RNzXe0REsEOSKaYK8UgVZZqlNlNXqn.JeVcj2NdeZy', '1', '0', '2312321', '17777777777', '0', NULL, NULL, '2022-01-16 06:54:26', NULL, '2022-01-16 07:06:34', 0);
INSERT INTO `sys_user` VALUES (14787164048662, 'weixin', 'weixin', '$2a$10$y3k3fnMZsBNihsVLXWfI8uMNueVXBI08k.LzWYaKsW8CW7xXy18wC', '0', '0', 'weixin@qq.com', NULL, NULL, NULL, -1, '2022-01-30 17:18:44', -1, '2022-01-30 17:18:44', 0);
INSERT INTO `sys_user` VALUES (14787164048664, 'yy', 'yy123', '$2a$10$wiCtHccx5lta8aoiBKrm7O0SUlfwXsFd7gXRYjRpN587520Fd72DO', '0', '0', '123456@qq.com', NULL, '0', 'http://rpc31f1nc.hd-bkt.clouddn.com/2023/02/09/351421dfec1840fda7d0c0211cbfc0cc.png', -1, '2023-02-09 02:46:10', -1, '2023-02-09 02:46:10', 0);

-- ----------------------------
-- Table structure for sys_user_role
-- ----------------------------
DROP TABLE IF EXISTS `sys_user_role`;
CREATE TABLE `sys_user_role`  (
  `user_id` bigint(0) NOT NULL COMMENT '用户ID',
  `role_id` bigint(0) NOT NULL COMMENT '角色ID',
  PRIMARY KEY (`user_id`, `role_id`) USING BTREE
) ENGINE = InnoDB CHARACTER SET = utf8mb3 COLLATE = utf8mb3_general_ci COMMENT = '用户和角色关联表' ROW_FORMAT = Dynamic;

-- ----------------------------
-- Records of sys_user_role
-- ----------------------------
INSERT INTO `sys_user_role` VALUES (1, 1);
INSERT INTO `sys_user_role` VALUES (2, 2);
INSERT INTO `sys_user_role` VALUES (5, 2);
INSERT INTO `sys_user_role` VALUES (6, 12);

SET FOREIGN_KEY_CHECKS = 1;
